enabled,iteration,material_margin,max_s,mean_s,min_plies,min_s,name,persist,phase,sample_count,stdev_s,value_margin
False,0,6.0,0.24846249999973224,0.24126279999982217,120,0.23020619999988412,iteration-0,12,warmup,5,0.006151010437647639,0.35
False,16,6.0,0.2385708000001614,0.22710499999993772,120,0.22125130000040372,iteration-16,12,warmup,5,0.0065992899707378256,0.35
True,32,6.0,0.2372549000001527,0.23169068000006518,120,0.22202809999998863,iteration-32,12,ramp,5,0.00565628730178805,0.35
True,64,5.0,0.23853849999977683,0.23242395999986912,98,0.2240639999999985,iteration-64,10,ramp,5,0.005363833380895143,0.26
True,96,4.0,0.24305960000037885,0.23509843999981966,77,0.23070879999977478,iteration-96,8,ramp,5,0.004323089448080072,0.17
True,128,3.0,0.2511922000003324,0.24403768000011042,55,0.23888559999977588,iteration-128,6,steady,5,0.004424982491299156,0.08
