enabled,iteration,material_margin,max_s,mean_s,min_plies,min_s,name,persist,phase,sample_count,stdev_s,value_margin
False,0,6.0,0.21772400000190828,0.21479437999951187,120,0.20972990000154823,iteration-0,12,warmup,5,0.0031320135129380487,0.35
False,16,6.0,0.19611060000170255,0.1936374999990221,120,0.19027259999711532,iteration-16,12,warmup,5,0.002308425895939288,0.35
True,32,6.0,0.2160327999954461,0.2038120799974422,120,0.1985500000009779,iteration-32,12,ramp,5,0.006235602541414937,0.35
True,64,5.0,0.22333859999343986,0.2055317999984254,98,0.19324860000051558,iteration-64,10,ramp,5,0.010604953095751475,0.26
True,96,4.0,0.21966750000137836,0.2107079999987036,77,0.1998641999962274,iteration-96,8,ramp,5,0.008118441044064865,0.17
True,128,3.0,0.22199890000047162,0.21765185999829556,55,0.2142983000012464,iteration-128,6,steady,5,0.0028445829132516913,0.08
