enabled,iteration,material_margin,max_s,mean_s,min_plies,min_s,name,persist,phase,sample_count,stdev_s,value_margin
False,0,6.0,0.253240599995479,0.24290183999837608,120,0.23912879999988945,iteration-0,12,warmup,5,0.005344099496243534,0.35
False,16,6.0,0.24253029999817954,0.23686516000161645,120,0.2280996999979834,iteration-16,12,warmup,5,0.005424635686029556,0.35
True,32,6.0,0.23754249999910826,0.23298308000230464,120,0.22755660000257194,iteration-32,12,ramp,5,0.004214533904282174,0.35
True,64,5.0,0.24189560000377242,0.23498818000080063,98,0.22975749999750406,iteration-64,10,ramp,5,0.004320625770199146,0.26
True,96,4.0,0.2415679000041564,0.23370041999878594,77,0.22566830000141636,iteration-96,8,ramp,5,0.005254661042733987,0.17
True,128,3.0,0.24406830000225455,0.2363395800028229,55,0.23009360000287415,iteration-128,6,steady,5,0.004808471605551374,0.08
