batch_size,max_s,mean_s,min_s,name,sample_count,stdev_s,transform
64,0.0040936000004876405,0.0035193550000258257,0.0031346000032499433,augment-mirror,20,0.00022503202954156332,mirror
64,0.005196299993258435,0.004012550000334158,0.0031047000011312775,augment-rot180,20,0.0005974469162986839,rot180
64,0.005698699998902157,0.004876644999239943,0.004137800002354197,augment-vflip_cs,20,0.0004817398829333351,vflip_cs
