backend,batch_size,max_s,mean_s,min_s,name,sample_count,stdev_s,transform
numpy,64,0.0036748000002262415,0.003131355000004987,0.0024931999996624654,numpy-mirror,20,0.0004196849467488332,mirror
torch,64,0.002551100000346196,0.0018043600000510196,0.001380099999551021,torch-mirror,20,0.0003075513101805352,mirror
numpy,64,0.004501899999922898,0.003695479999987583,0.002854499999557447,numpy-rot180,20,0.00043619566433103176,rot180
torch,64,0.00298320000001695,0.002021559999911915,0.0012967000002390705,torch-rot180,20,0.00042894818607708057,rot180
numpy,64,0.0052832999999736785,0.004645744999925228,0.003350200000568293,numpy-vflip_cs,20,0.000475553055222381,vflip_cs
torch,64,0.002783300000373856,0.002163035000057789,0.001639199999772245,torch-vflip_cs,20,0.0003467211982476136,vflip_cs
