backend,batch_size,max_s,mean_s,min_s,name,sample_count,stdev_s,transform
numpy,64,0.003976799998781644,0.0035124600006383845,0.002764100005151704,numpy-mirror,20,0.00027662987587326175,mirror
torch,64,0.0026238000064040534,0.0017569899995578454,0.0014204000035533682,torch-mirror,20,0.00026921230537065743,mirror
numpy,64,0.004194000001007225,0.0033537900002556854,0.00290839999797754,numpy-rot180,20,0.0002984940038193553,rot180
torch,64,0.0028472999983932823,0.0019166399990353967,0.0012226999970152974,torch-rot180,20,0.0004122158382402694,rot180
numpy,64,0.0054830999943078496,0.004349820000425097,0.0033672999998088926,numpy-vflip_cs,20,0.00042725092003775665,vflip_cs
torch,64,0.0030298999990918674,0.0021644100004778013,0.0015512999962083995,torch-vflip_cs,20,0.0003731041079527844,vflip_cs
