batch_size,max_s,mean_s,min_s,name,sample_count,stdev_s,transform
64,0.0052607999969040975,0.0040658049998455684,0.0032414000015705824,augment-mirror,20,0.0005844698634588202,mirror
64,0.0051019000020460226,0.004411369998706505,0.003504500004055444,augment-rot180,20,0.0004597452608680869,rot180
64,0.00577970000449568,0.004996754999592667,0.004008200005046092,augment-vflip_cs,20,0.0004932163179235635,vflip_cs
