batch_size,max_s,mean_s,min_s,name,sample_count,stdev_s,transform
64,0.005530499999622407,0.004045374999986961,0.0035349999998288695,augment-mirror,20,0.0004641437006255356,mirror
64,0.004224100000101316,0.003714289999970788,0.0032837999997354927,augment-rot180,20,0.00028093046624970945,rot180
64,0.005314900000485068,0.0046939349999775,0.004174499999862746,augment-vflip_cs,20,0.0003162778134643603,vflip_cs
