backend,batch_size,max_s,mean_s,min_s,name,sample_count,stdev_s,transform
numpy,64,0.0029847000041627325,0.0026451550009369386,0.002321300002222415,numpy-mirror,20,0.0002187104421595778,mirror
torch,64,0.0018270000000484288,0.0014979999996285187,0.0012010999998892657,torch-mirror,20,0.00016709187297866987,mirror
numpy,64,0.004315100006351713,0.0030641049997939263,0.0023896999991848134,numpy-rot180,20,0.0004582766028550954,rot180
torch,64,0.0020936999935656786,0.0015829650001251139,0.000992599998426158,torch-rot180,20,0.00026515054525006994,rot180
numpy,64,0.004057800004375167,0.00359244500141358,0.003070700004172977,numpy-vflip_cs,20,0.0003163555616159829,vflip_cs
torch,64,0.0023457999996026047,0.0019634899992524877,0.0015098000003490597,torch-vflip_cs,20,0.0002260407333524051,vflip_cs
