impl,pos_per_sec,time_s
chesscore,56887.503766595226,1.7578553000021202
python-chess,10699.744799318541,9.346017299998493
