scenario,positions,loops,repetitions,mismatches,mean_moves_per_position,median_moves_per_position,chesscore_time,chesscore_positions_per_sec,python_time,python_positions_per_sec,speedup
baseline_small,200,80,3,0,30.205,31.0,0.2276226666654111,70291.76941995345,1.4856813333317405,10769.469630555916,6.526948107130231
baseline_medium,400,100,3,0,29.5,30.0,0.5379404333337637,74357.67516509045,3.4421631333292075,11620.599736454853,6.398781203333579
baseline_deep,600,150,3,0,26.036666666666665,28.0,1.1843138333327563,75993.3705635546,7.12036676666806,12639.79833473031,6.012229669420279
