scenario,positions,loops,repetitions,mismatches,mean_moves_per_position,median_moves_per_position,chesscore_time,chesscore_positions_per_sec,python_time,python_positions_per_sec,speedup
baseline_small,200,80,3,0,30.205,31.0,0.23800336666681687,67225.93980108923,1.7615585333333001,9082.865937882905,7.401401744872468
baseline_medium,400,100,3,0,29.5,30.0,0.6746592666665189,59289.187855729586,4.136603166666646,9669.769709196633,6.131396055827616
baseline_deep,600,150,3,0,26.036666666666665,28.0,1.3142266999999872,68481.33583041714,8.620674166666808,10440.018757233529,6.559503141023456
