history_length,max_random_plies,max_s,mean_s,min_s,name,positions,sample_count,stdev_s
8,80,0.002263700000185054,0.0018963199996505863,0.0017286000002059154,fen->position,256,5,0.0001967372398251222
8,80,0.030721499999344815,0.029773959999147337,0.02894930000184104,encode-no-history,256,5,0.0006186121995574903
8,80,0.20858630000293488,0.202899819999584,0.20103159999416675,encode-with-history,256,5,0.002857451211170431
