history_length,max_random_plies,max_s,mean_s,min_s,name,positions,sample_count,stdev_s
8,80,0.005991099999846483,0.003287740000087069,0.0018791000002238434,fen->position,256,5,0.001580879743016214
8,80,0.03525379999973666,0.03324089999987336,0.031932200000483135,encode-no-history,256,5,0.0010894621111389312
8,80,0.27767540000058943,0.25068157999994584,0.22116839999944204,encode-with-history,256,5,0.022088756315234038
