history_length,max_random_plies,max_s,mean_s,min_s,name,positions,sample_count,stdev_s
8,80,0.0022757999977329746,0.002029479999328032,0.001815399999031797,fen->position,256,5,0.00019523075921655834
8,80,0.03446359999361448,0.03209735999989789,0.029814300003636163,encode-no-history,256,5,0.0015203819113422316
8,80,0.27862309999909485,0.25969378000008875,0.23955199999909382,encode-with-history,256,5,0.013482287038682417
