batch_size,device,dtype,max_s,mean_s,min_s,name,positions_per_sec,sample_count,stdev_s
64,cpu,float32,0.05659820000437321,0.052281725000284496,0.049997699999948964,cpu-float32,1224.1371148264855,12,0.0019159149985330407
64,cpu,bfloat16,0.9836139000035473,0.8917705166671416,0.867039400000067,cpu-bfloat16,71.76734238668305,12,0.028855613637497765
64,cpu,float16,1.0245055999985198,0.9549586583331499,0.9360903999986476,cpu-float16,67.01860802195351,12,0.022348106347464234
