batch_size,device,dtype,max_s,mean_s,min_s,name,positions_per_sec,sample_count,stdev_s
1,cpu,float32,0.006328199997369666,0.006078600000364531,0.005662399998982437,cpu-batch1,164.51156515316526,8,0.00020841265040999357
8,cpu,float32,0.018880299998272676,0.01664637499834498,0.014783599996007979,cpu-batch8,480.58511242209653,8,0.001381852115717146
32,cpu,float32,0.039968000004591886,0.03667303750080464,0.03511850000359118,cpu-batch32,872.5756626867325,8,0.001486779212547106
64,cpu,float32,0.053355700001702644,0.0509362125003463,0.04875789999641711,cpu-batch64,1256.4734764989619,8,0.0012934875882544
128,cpu,float32,0.09321469999849796,0.08585975000005419,0.07987000000139233,cpu-batch128,1490.8033158717467,8,0.004113841496591946
