batch_size,device,dtype,max_s,mean_s,min_s,name,positions_per_sec,sample_count,stdev_s
64,cpu,float32,0.07548460000543855,0.06619173333335009,0.059592899997369386,cpu-float32,966.8881109018216,12,0.004612933142704572
64,cpu,bfloat16,1.1456200999964494,1.0314271583332204,0.8285290999992867,cpu-bfloat16,62.049946506570166,12,0.09896665513980224
64,cpu,float16,1.153828499998781,0.9073174833326144,0.7580275999935111,cpu-float16,70.53760252136371,12,0.12742768611146157
64,cuda,float32,0.002602900000056252,0.002465916666551493,0.002377000004344154,cuda-float32,25953.837316612156,12,5.954717793330635e-05
64,cuda,float16,0.006334099998639431,0.0038068166680507907,0.003061200004594866,cuda-float16,16811.946983716978,12,0.0011230502833397557
