batch_size,device,dtype,max_s,mean_s,min_s,name,positions_per_sec,sample_count,stdev_s
64,cpu,float32,0.04688200000055076,0.044402466666648856,0.04243990000031772,cpu-float32,1441.3613658105858,12,0.001354076620398608
64,cpu,bfloat16,1.367120399999294,1.3087958333335337,1.0925803999998607,cpu-bfloat16,48.89991117788823,12,0.07624499510309746
64,cpu,float16,1.3469417000005706,1.3245250166666362,1.267482999999629,cpu-float16,48.31920816495071,12,0.020176046312339373
