batch_size,device,dtype,max_s,mean_s,min_s,name,positions_per_sec,sample_count,stdev_s
64,cpu,float32,0.04134940000039933,0.03877420999997412,0.03140569999959553,inference-cpu,1650.5816623998971,10,0.0034080920911938976
64,cuda,float32,0.0030040999999982887,0.0026466999999684047,0.00244369999927585,inference-cuda,24181.055654499567,10,0.00021115167069543598
