batch_size,device,dtype,max_s,mean_s,min_s,name,positions_per_sec,sample_count,stdev_s
64,cpu,float32,0.04960959999880288,0.04354641000099946,0.03617800000210991,inference-cpu,1469.6963538103623,10,0.0037354407984957214
64,cuda,float32,0.004884699999820441,0.004614100000617327,0.004139800003031269,inference-cuda,13870.527294908508,10,0.00022335712074247804
