dirichlet_weight,max_s,mean_s,min_s,name,positions,positions_per_sec,sample_count,simulations,stdev_s
0.0,0.9380698000022676,0.891648475002512,0.823449100003927,dirichlet-0.00,128,143.55433064542547,4,256,0.046754769074575916
0.1,0.8961297999994713,0.8752866750019166,0.8480178000027081,dirichlet-0.10,128,146.2378026030383,4,256,0.01738432034936037
0.25,0.9119146000011824,0.9071548749980138,0.8993173999988358,dirichlet-0.25,128,141.1004929012593,4,256,0.005065778299548051
0.5,0.9280648000058136,0.8839064999992843,0.8411706999977469,dirichlet-0.50,128,144.81169671238263,4,256,0.031120520666630687
