max_s,mean_clipped_ratio,mean_policy_entries,mean_s,min_s,name,sample_count,std_clipped_ratio,stdev_s,visit_count_clamp
0.13881690000016533,0.9499465333507467,96.0,0.13599770000000716,0.1309876000004806,clamp-8,128,0.00047777596796660547,0.0028827909093293736,8
0.13963870000043244,0.7997861334029869,96.0,0.13609472000007372,0.13165079999998852,clamp-32,128,0.0019111038718663974,0.0030529334335801183,32
0.1729630999998335,0.6248146597920968,96.0,0.144128339999952,0.1329812000003585,clamp-65535,128,0.00386766835058372,0.014644666824211564,65535
