dirichlet_weight,max_s,mean_s,min_s,name,positions,positions_per_sec,sample_count,simulations,stdev_s
0.0,0.609545799999978,0.6006699250001475,0.5897377999999662,dirichlet-0.00,128,213.0954034363691,4,256,0.00732459537632817
0.1,0.686621799999557,0.6342647749995649,0.5979645999996137,dirichlet-0.10,128,201.80846398113124,4,256,0.03413794711930336
0.25,0.6274597999999969,0.6116291000000729,0.600297099999807,dirichlet-0.25,128,209.27715833008068,4,256,0.010401637472811578
0.5,0.6145725000005768,0.599934500000245,0.5874566000002233,dirichlet-0.50,128,213.35662476478305,4,256,0.01048702446917257
