dirichlet_weight,max_s,mean_s,min_s,name,positions,positions_per_sec,sample_count,simulations,stdev_s
0.0,0.567600999995193,0.5485726749993773,0.5373550000003888,dirichlet-0.00,128,233.33280316987222,4,256,0.01187786190797359
0.1,0.7563601000001654,0.6484010500007571,0.543896200004383,dirichlet-0.10,128,197.40868710784866,4,256,0.08798634025450801
0.25,0.6136314999966999,0.5830363499990199,0.5562032000016188,dirichlet-0.25,128,219.54034255362495,4,256,0.02359677402363972
0.5,0.5626371000034851,0.54837950000001,0.538500100003148,dirichlet-0.50,128,233.41499819011773,4,256,0.008893499270472753
