max_s,mean_clipped_ratio,mean_policy_entries,mean_s,min_s,name,sample_count,std_clipped_ratio,stdev_s,visit_count_clamp
0.12613060000148835,0.9499036396275284,96.0,0.12111163999943528,0.11968989999877522,clamp-8,128,0.00040269826157217977,0.0025163597611816764,8
0.12566420000075595,0.7996150780964398,96.0,0.12063552000181517,0.11857289999898057,clamp-32,128,0.0016095373828834188,0.0026395813143721032,32
0.12173469999834197,0.6247682404272433,96.0,0.12067089999909512,0.11952159999782452,clamp-65535,128,0.003605383737134072,0.0009796355911060562,65535
