max_s,mean_clipped_ratio,mean_policy_entries,mean_s,min_s,name,sample_count,std_clipped_ratio,stdev_s,visit_count_clamp
0.19348770000215154,0.9499465333507467,96.0,0.1870206200008397,0.18018339999980526,clamp-8,128,0.00047777596796660547,0.004798144448800777,8
0.1958163000017521,0.7997861334029869,96.0,0.18159024000051432,0.16496249999909196,clamp-32,128,0.0019111038718663974,0.0124165233679547,32
0.18482550000044284,0.6248146597920968,96.0,0.17585261999920476,0.16071119999833172,clamp-65535,128,0.00386766835058372,0.008527959761932427,65535
