scenario,positions,max_random_plies,simulations,max_batch,repetitions,cpp_time_s,python_time_s,cpp_positions_per_s,python_positions_per_s,speedup_cpp_over_python,alignment_mean_l1,alignment_top_match_pct
mcts_quick_small,120,70,192,24,2,0.4591494000014791,2.1939698999958637,261.35284070852197,54.69537207425965,4.778335548274257,1.520013511231211,0.0
mcts_quick_medium,240,110,224,32,2,0.9126632000006794,5.112173350000376,262.9666672216228,46.94676482361115,5.601379950453322,1.6667600896860986,0.0
mcts_quick_deep,320,150,288,40,2,1.4807189499988453,8.306591600001411,216.1112343434583,38.52362261314805,5.6098367620728355,1.7008461921353908,3.5714285714285716
