batch_size,nps,time_s
1,20861.964206191096,0.3834729999980482
2,20862.96526369406,0.3834545999998227
4,20176.152947378254,0.3965076999993471
8,21804.954140215803,0.36688909999793395
16,24568.236279923374,0.32562370000232477
32,24950.815704480217,0.32063080000079935
64,25122.04603990185,0.3184454000002006
128,24731.69970152934,0.3234714999998687
256,23797.52589012304,0.3361694000013813
