baseline_fraction,baseline_frequency,max_s,mean_s,min_s,name,sample_count,stdev_s,unique_fens,use_opening_book
0.0,0,0.011051599999518658,0.010667119999743591,0.00979269999970711,book-enabled,512,0.00045594742413397024,491,True
0.4921875,252,0.006994599999416096,0.006613179999658314,0.005682899999555957,book-disabled,512,0.0004808666110745998,2,False
