baseline_fraction,baseline_frequency,max_s,mean_s,min_s,name,sample_count,stdev_s,unique_fens,use_opening_book
0.0,0,0.01097450000088429,0.009906220000993926,0.008597499996540137,book-enabled,512,0.0008395916061799826,491,True
0.4921875,252,0.007673499996599276,0.006767939998826478,0.00555010000243783,book-disabled,512,0.0006948608720101356,2,False
