baseline_fraction,baseline_frequency,max_s,mean_s,min_s,name,sample_count,stdev_s,unique_fens,use_opening_book
0.0,0,0.007536299999628682,0.007367179999710061,0.00712099999509519,book-enabled,512,0.0001934022283833271,489,True
0.482421875,247,0.00433589999738615,0.004253979999339208,0.004217800000333227,book-disabled,512,4.210616962576103e-05,2,False
