batch_size,capacity,max_s,mean_s,min_s,name,operations_per_sec,sample_count,stdev_s
,4096,0.021928900001512375,0.020340960002795328,0.018454500001098495,buffer-fill,201367.09375747817,10,0.0009885812377811983
256,4096,0.025023599999258295,0.023630130000674397,0.021456600006786175,buffer-sample,677.1016494426126,10,0.0011012111141128688
