batch_size,capacity,max_s,mean_s,min_s,name,operations_per_sec,sample_count,stdev_s
,4096,0.020716399999400892,0.019995749999907275,0.01904229999945528,buffer-fill,204843.5292509155,10,0.00044651873266427004
256,4096,0.024097399999845948,0.02244623999995383,0.021361599999181635,buffer-sample,712.81426198922,10,0.0008277027320636853
