batch_size,capacity,max_s,mean_s,min_s,name,operations_per_sec,sample_count,stdev_s
,4096,0.02338179999787826,0.021237159999873256,0.020143499998084735,buffer-fill,192869.47972442856,10,0.0011205769291609948
256,4096,0.034930500005430076,0.028021789999183967,0.024319899996044114,buffer-sample,570.9842233656716,10,0.0030383705016818227
