games_mean,games_per_sec,games_requested,max_s,mean_s,min_s,name,sample_count,stdev_s,workers
4.0,0.23668152198896797,4,19.40107480000006,16.900347633333393,12.368012399994768,selfplay-workers-1,3,3.210562275055775,1
4.0,0.19567227615541935,4,22.680071800001315,20.442344100003538,16.986465400004818,selfplay-workers-2,3,2.4788716994663442,2
