games_mean,games_per_sec,games_requested,max_s,mean_s,min_s,name,sample_count,stdev_s,workers
4.0,0.0782071989228679,4,59.98304560000088,51.14618673333401,43.96366340000077,selfplay-workers-1,3,6.643682265132681,1
4.0,0.09792317624241133,4,45.74316230000022,40.848348200000146,36.368510199999946,selfplay-workers-2,3,3.8384180223705204,2
4.0,0.11812284129953764,4,35.8193726999998,33.863052700000175,31.82551010000043,selfplay-workers-4,3,1.6314987894533308,4
