games_mean,games_per_sec,games_requested,max_s,mean_s,min_s,name,sample_count,stdev_s,workers
4.0,0.07501356929832158,4,54.294364000001224,53.32368579999699,52.363175699996646,selfplay-workers-1,3,0.7884371060149779,1
4.0,0.0751178012382571,4,57.7336209999994,53.24969493333386,46.81668920000084,selfplay-workers-2,3,4.665049741908257,2
4.0,0.07176046919420252,4,59.64552790000016,55.74099563333342,49.68676889999915,selfplay-workers-4,3,4.340515325015453,4
