amp,batch_size,games_per_batch,games_per_sec,max_s,mean_s,min_s,name,sample_count,stdev_s,steps_per_sec,type,workers
,,8,0.5335483070601997,16.094476000002032,14.993956300000718,14.005316899998434,selfplay-w1,3,0.8565568038870768,,selfplay,1
,,8,0.9806654813117581,9.049957100000029,8.157725700000205,7.541281300000264,selfplay-w2,3,0.6460492857375175,,selfplay,2
,,8,1.5282932742833195,5.537225000000035,5.234597399999378,4.940355899998394,selfplay-w4,3,0.24374293239544473,,selfplay,4
,,8,1.8897208516173907,4.916939699996874,4.233429499998844,3.5454816999990726,selfplay-w6,3,0.5599041767182571,,selfplay,6
True,64,,,0.02042789999904926,0.015742669999963255,0.014590099999622907,train-b64-ampOn,10,0.0016157633900851808,63.521626255415,training,
True,128,,,0.019783399999141693,0.019164380000074744,0.01865219999672263,train-b128-ampOn,10,0.0004020789296867683,52.18013836065137,training,
True,256,,,0.02346620000025723,0.022641290000319714,0.02213370000026771,train-b256-ampOn,10,0.00048048186094727885,44.167094718802645,training,
