amp_enabled,batch_size,device,label,max_s,mean_s,min_s,name,sample_count,stdev_s,steps_per_sec
False,32,cpu,amp-off,0.16944570000487147,0.16656023999967146,0.16317719999642577,train-step-amp-off,5,0.0022599872479704725,6.003833808128354
True,32,cpu,amp-on,4.4366227999998955,4.38194555999944,4.352178900000581,train-step-amp-on,5,0.02981721982538408,0.2282091336616532
