amp_enabled,batch_size,device,label,max_s,mean_s,min_s,name,sample_count,stdev_s,steps_per_sec
False,32,cpu,amp-off,0.21088369999961287,0.19070995999991283,0.1740064000005077,train-step-amp-off,5,0.015438332148228925,5.24356462557308
True,32,cpu,amp-on,3.6534773000003042,3.5935573800001293,3.5345570999998017,train-step-amp-on,5,0.038100241163328316,0.27827578476010423
