amp_enabled,batch_size,device,label,max_s,mean_s,min_s,name,sample_count,stdev_s,steps_per_sec
False,64,cpu,amp-off,0.25073949999932665,0.23639489999914076,0.21953280000161612,train-step-amp-off,5,0.011597625500602546,4.230209704201042
True,64,cpu,amp-on,8.08433750000404,7.681582839999464,6.88910699999542,train-step-amp-on,5,0.42659509768247544,0.13018150306116724
False,64,cuda,amp-off,0.027685699998983182,0.023684679997677448,0.021225899996352382,train-step-amp-off,5,0.00253271558692745,42.22138530468055
True,64,cuda,amp-on,0.08285389999946347,0.034149700000125446,0.01858889999857638,train-step-amp-on,5,0.024613173612641467,29.282834109708915
